"Caudal","pH","Temperatura","Conductividad","Salinidad","Solidos.Totales","O2","O2p","DBO5","DQO","FT","NT","Turbidez","Coliformes"
586.9,7.9,21,941,0.4,471,0.28,3.7,230,292,4.6506,39.7424,1110,10200000
9.34,8.08,18.9,470,0.1,235,8.53,114.4,3,26,0.4809,5.5379,9,30000
39.29,7.82,16.2,645,0.2,322,2.39,31.9,100,171,4.5066,30.8567,65,2857142.85
165.6,7.17,21.2,876,0.4,438,0.2,2.7,520,787,5.2295,40.844,181,10857142.85
153.2,7.8,24.7,1010,0.4,505,0.17,2.4,420,816,9.0065,72.2443,411,17571428.57
1402,7.74,22.3,1056,0.5,529,1.56,21.3,150,282,5.7874,33.2728,137,21285714.28
14.14,7.76,21.8,187.8,0.05,94,4.86,64.4,7,46,0.1004,1.4134,5,1142.85
28.72,8.03,20.4,176.6,0.05,89,5.75,75.8,3,45,0.0996,1.5836,6,228.57
1149,7.71,26,1015,0.5,510,0.07,0.9,420,683,7.9721,49.5305,430,19285714.28
23.36,8.08,26.2,1063,0.5,502,2.43,36.3,300,524,8.7094,67.1909,257,13714285.71
589.8,7.88,23.8,1223,0.6,611,0.09,1.9,270,419,9.2177,29.7764,555,3428571.42
3.34,7.84,21.8,666,0.3,333,9.47,132.5,8,36,0.5676,4.3694,2,1e+07
61.62,7.84,16.1,636,0.2,317,3.4,44.3,55,184,3.7724,20.3217,44,22714285.71
142,7.5,21.5,948,0.4,474,0.17,2.3,320,525,5.8661,44.1266,108,1e+06
125,7.8,24.4,977,0.4,489,0.09,1.2,400,763,8.4129,57.9723,364,13714285.71
1274,7.78,21.9,1056,0.5,529,2.49,34.4,130,258,5.6247,34.8467,281,23428571.42
16.07,7.72,24.1,179.7,0,89,4.46,65.6,5,29,0.1435,1.1544,2,23285714.28
17.65,8.01,20.8,189.2,0,95,4.5,70.9,2,19,0.1326,1.3876,3,2414.28
763.2,7.7,29.2,1064,0.5,535,0.4,0.5,210,414,6.8167,51.5308,177,57.14
28.47,7.99,29.9,1098,0.5,549,0.45,6.5,380,665,9.1159,71.2551,333,15857142.85
692.54,7.8,24.5,1088,0.5,543,0.2,2.8,250,445,5.6279,41.7491,416,1.9e+07
2.5,8.03,23.5,920,0.4,460,8.42,120,10,18,1.0503,6.7761,6,8571429.57
64.83,7.76,17.1,740,0.3,370,2.25,30,160,339,6.338,43.7707,131,51857.14
203,7.38,22,1004,0.4,503,0.15,2,440,754,8.1811,47.9448,288,4142857.14
78.32,7.78,22.4,1012,0.4,507,0.13,1.7,310,421,7.3404,57.2495,208,16714285.71
27.89,7.76,22,188.7,0,94,5.76,81.4,6,24,0.1202,0.8935,4,26142857.14
46.46,7.84,21,178.8,0,89,5.78,80.2,3,11,0.0921,1.421,4,1500
1540,7.68,23.4,1065,0.5,531,0.76,10.3,165,283,5.1756,38.1972,356,114.28
849.2,7.62,28.6,1072,0.5,537,0.11,1.6,280,551,8.4506,46.2768,285,7857142.85
17.6,7.96,29,1086,0.5,543,2.58,40.1,290,455,8.9512,65.3998,266,11714285.71
967.7,7.81,19.9,799,0.3,400,3.82,49.2,95,201,3.5371,36.2864,815,16571428.57
2.526,7.62,19.3,168.1,0,84,5.02,65.4,2,46,0.203,0.8132,5,21428571
38.64,8.06,19.9,174.2,0,87,6.1,79.1,1,21,0.1133,1.6167,8,6571
1090,7.9,22.1,868,0.4,434,2.62,36.9,60,179,3.398,30.4457,115,597
620,7.9,25.6,905,0.4,452,0.17,2.3,110,231,4.6691,38.8273,67,14571428
20.2,8.08,27.8,1195,0.5,599,0.22,3.4,700,1126,13.8936,78.1688,525,44428571
50.88,7.16,19.7,647,0.2,323,4.88,66.6,75,161,3.7776,25.4578,39,7857142
91.84,7.9,22.3,825,0.3,412,2.13,28.7,200,312,5.5931,34.5508,134,15142857
20.7,6.912,21.2,175.6,0,88,5.06,67.2,1,32,0.0926,1.3282,4,1.2e+07
650,8.25,21.4,621,0.2,311,4.22,54.8,175,209,3.3002,21.0564,960,700
10.29,8.08,20.7,351,0.1,176,5.21,69.1,18,53,0.9445,5.8461,165,2714285
75.04,7.88,18.1,700,0.3,350,1.05,14,100,409,5.4123,34.8613,49,4285714
2304,7.91,25.2,844,0.4,422,0.63,6.72,85,204,3.9385,33.2403,155,3571428
659,7.65,23,1000,0.4,500,0.02,0.03,240,674,6.4791,34.0407,192,16857142
5.65,7.15,20.9,380,0.1,190,2.78,36,18,58,1.2327,2.8379,19,198571
2084,7.98,22.1,543,0.2,274,4.86,54.7,42,64,1.0912,9.9214,287,4e+06
863,7.9,26.1,742,0.3,371,0.27,2.4,95,163,1.9293,19.8812,173,6285714
811.7,8.24,25.1,898,0.4,449,2.27,26.5,170,354,4.3024,31.5738,255,12142857
41.1,8.25,28.6,954,0.4,477,0.88,10.3,320,529,7.1024,51.163,783,13142857
68.36,7.8,17.4,448,0.1,224,5.47,73.3,38,73,1.2866,12.5276,19,857142
203.7,7.7,23.3,628,0.2,314,0.14,1.9,115,184,2.3951,17.4201,74,15142857
117.6,7.7,27,925,0.4,463,0.13,1.9,320,584,6.4112,38.6459,300,8142857
3.853,7.5,22.7,181.3,0,91,5.27,70.7,5,31,0.2011,1.0123,19,5171
29.201,8.1,21.7,174.3,0,87,7.42,98.2,1,13,0.1069,1.9029,6,285
2533,7.66,22.1,505,0.2,253,4.75,62.8,40,60,1.1641,10.9048,144,2285714
906.6,7.77,24,621,0.2,311,0.56,7.8,90,183,2.4678,20.1586,120,17285714
46.96,8.05,27.7,981,0.4,491,1.12,16.5,270,481,6.7488,49.6217,445,64857142
78.43,7.82,17.9,504,0.2,252,5.3,72.4,46,59,1.9652,17.9594,31,1428571
188.6,7.39,21.6,561,0.2,281,0.79,10.5,170,294,1.3078,13.4845,33,26857142
132.9,7.77,23.6,923,0.4,462,0.09,1.3,280,542,6.0682,45.4676,248,52857142
481,7.84,23.7,959,0.4,479,0.22,2.4,250,459,6.9804,42.0174,200,16142857
9.3,7.98,20.9,484,0.2,242,7.2,97.2,1,17,0.3355,1.7657,9,11428
34.45,7.96,21.1,179,0,89,7.48,98.5,1,5,0.1285,1.4201,3,400
12.19,7.71,26.6,189.2,0,95,6.48,92.5,3,8,0.0943,0.9554,7,8128
2037,7.77,21.1,697,0.3,349,4.96,65.1,28,77,1.9777,15.8318,296,5714285
831.8,7.69,25.3,1061,0.5,531,0.14,1.9,85,171,3.0886,27.0829,242,11857142
42.37,7.86,28,1153,0.5,576,0.08,1.2,500,938,12.6371,81.7255,581,35857142
753.7,7.83,24.8,882,0.4,441,1.09,14.3,220,338,4.2504,19.1683,215,16857142
121.9,8.04,22,246,0,122,7.45,100.8,5,46,0.306,2.673,27,45714.28
28.39,8.06,21.8,177.5,0,89,7.33,99.3,5,13,0.1182,1.9169,7,614.28
20.4,7.57,28.4,185,0,92,6.44,95.1,15,112,0.4963,5.6781,525,11714.28
68.9,7.36,18.8,421,0.1,210,5.04,67.7,85,187,2.7492,17.003,88,5428571
392.9,7.74,23.3,264,0,132,6.72,92.5,80,283,2.0738,20.303,748,1.1e+07
202.2,7.69,24.8,750,0.3,375,4.71,77.2,250,464,4.3004,30.8636,470,1.1e+07
1505,7.69,22.5,669,0.3,335,5.06,66.9,44,62,1.1345,10.7476,102,9428571
720.3,7.79,25.3,977,0.4,488,0.24,3.4,130,234,3.3021,20.3434,136,11714285
40.73,8.05,26.7,1098,0.5,549,0.92,13.14,600,1065,12.4414,58.1341,700,33714285
108.9,7.72,17.9,388,0.1,194,6.75,88.9,20,39,0.9231,8.4115,21,1e+06
384.2,7.81,21.6,316,0.1,159,7.31,97.3,58,108,1.293,10.6876,263,2714285
195.8,7.75,26.5,945,0.4,473,0.15,2.2,340,780,7.8178,44.8574,372,20428571
573,7.8,22.9,1001,0.4,500,0.2,2.6,200,372,5.1296,33.9225,201,20142857.14
49.3,8.26,21.9,305,0.1,153,7.56,98.9,1,30,0.2808,3.0424,8,4285
27.91,7.22,22,180,0,90,7.38,97.5,4,20,0.1152,1.6256,5,685
1825,7.31,22.4,685,0.3,343,4.77,62.9,38,103,2.0958,13.9157,30,857142
900,7.74,25.8,891,0.4,445,0.14,1.9,100,214,3.5852,22.4873,69,9714285
42.14,7.97,26.1,1092,0.5,544,1.02,14.9,420,771,8.0208,55.0177,430,22714285
94.96,7.71,17.4,633,0.2,317,4.88,63.6,135,228,4.1818,27.316,41,857142
310,7.36,20.9,536,0.2,268,1.97,25.8,210,302,2.5115,12.9572,87,4428571
149.3,7.69,24.9,893,0.4,446,0.27,3.9,270,416,4.9214,32.337,187,28714285
560.9,7.43,24.5,895,0.4,447,0.15,2,190,332,4.4353,20.4185,150,9571428
54.19,7.73,21,273,0,132,7.59,100.6,3,18,0.5884,2.9066,13,12142
28.36,7.67,21.4,175.7,0,88,7.72,100.6,2,2.5,0.1119,1.7528,4,114
19.34,8.14,23.7,176,0,88,7.62,105.7,1,7,0.1252,1.022,4,2285
135.4,7.79,15.7,642,0.2,321,3.2,40.5,160,287,3.8652,34.9153,150,1.1e+07
206.1,7.36,19.5,657,0.2,328,1.83,22.1,550,2158,13.8173,84.7372,3500,11833333
495,7.81,22.1,1103,0.5,552,0.65,8.5,250,468,5.4529,38.2576,290,3285714
925.7,7.74,23.8,1048,0.5,524,0.74,10.3,300,500,5.5822,44.0367,320,2428571
204,7.83,21.2,923,0.4,462,2.4,31,200,333,5.7028,47.0995,220,4e+06
1217,7.7,23.8,989,0.4,496,0.11,1.9,150,417,5.8408,38.5325,310,8714286
84.3,7.73,16.4,707,0.3,354,2.76,34.7,220,410,6.1449,34.3947,310,9900000
106.8,7.82,21.9,966,0.4,486,0.29,3,250,439,6.7508,49.5766,260,1e+07
522.5,7.77,25.7,1224,0.6,611,0.15,2.5,450,1102,9.0027,56.3157,700,1e+07
1038,7.62,27.6,1080,0.5,540,0.14,2,260,491,6.9903,45.7665,250,4700000
1219,7.82,21.2,1024,0.4,512,4,52.9,140,274,4.7991,41.2641,370,7300000
0.352,7.98,28.2,203,0.05,101,8.05,117.3,3,20,0.2109,1.1066,11,12
48.25,7.83,17,617,0.2,309,4.76,62.5,90,195,2.8918,32.0415,88,9200000
286,7.34,21.9,636,0.2,319,1.58,20.8,450,1861,58.8758,98.1699,2800,2.8e+07
623.6,7.83,25.4,1108,0.5,555,0.23,3.4,170,462,5.2054,23.6035,320,2.4e+07
445.8,7.71,27.3,1021,0.5,511,0.1,1.3,170,508,5.1187,21.4009,340,1.8e+07
105.6,7.75,21.9,1044,0.5,522,0.04,0.5,250,458,7.4618,52.4318,310,2.8e+07
831.6,7.76,23,1082,0.5,541,1.36,18.9,135,246,4.9293,35.3579,240,2.6e+07
11.13,7.91,23.2,192.5,0.05,96,5.4,72.2,7,11,0.1277,0.7829,8,1600
67.82,7.73,19.9,695,0.3,348,0.83,11.1,180,304,5.5527,34.4755,129,1e+06
243.5,7.31,25,881,0.4,441,0.18,2.5,1200,1359,28.1379,66.2951,1392,4.5e+07
543.8,7.85,26,944,0.4,473,0.29,4.1,210,351,4.8409,40.4285,532,1.3e+07
345.9,7.69,26.4,1030,0.5,515,0.21,2.8,130,283,4.6754,49.3607,200,1.2e+07
75.43,7.82,23.8,962,0.4,483,0.46,6.2,170,321,6.5472,31.8748,117,2.7e+07
4.43,8.09,22.9,185.6,0.05,93,6.49,88.8,3,10,0.1141,0.7046,1,620
1508,7.83,27.2,770,0.3,385,2.88,41.2,52,144,2.0285,20.6032,113,1.9e+07
99.12,7.8,21.3,622,0.2,311,4.05,57.3,90,169,1.6596,27.8284,59,1.4e+07
332.3,7.36,25.8,922,0.4,462,0.13,2.1,450,2152,44.241,132.6447,5052,3.3e+07
615.9,7.87,24.6,1097,0.5,549,0.07,1.2,240,444,5.4579,47.9247,213,3.3e+07
696.1,7.72,25.5,988,0.4,494,0.09,1.2,120,280,3.9094,43.2072,166,1.7e+07
89.3,7.78,23.4,852,0.4,436,1.38,5.2,220,329,5.8281,30.834,209,2.8e+07
2.99,7.54,22.9,190.6,0.05,89,5.4,86,3,27,0.0946,0.6299,6,1.2e+07
1991,7.74,24.5,993,0.4,496,2.09,28.2,105,209,4.5122,27.5867,206,6.6e+07
62.73,7.87,17.5,549,0.2,275,6.36,83.3,48,75,5.2971,20.3058,16,540000
299.5,7.26,23.1,420,0.1,210,5.57,76.4,450,2849,49.0189,138.6661,39300,1.1e+07
739.8,7.97,26.5,983,0.4,486,3.2,45.1,190,293,4.0052,32.9964,657,3.4e+07
592.4,7.81,27.9,829,0.3,414,0.98,13,95,146,3.3016,31.6558,62,1.7e+07
101.1,7.89,22,830,0.3,3.35,4.1,54.5,140,256,4.0124,33.7239,87,3.8e+07
2767,7.52,23.6,569,0.2,284,3.63,45.1,105,165,3.2917,28.3346,381,3.4e+07
15.05,7.57,23.1,185.7,0.05,93,6.35,94.4,3,21,0.1692,1.1359,4,3200
672.9,7.8,26,951,0.4,476,3.41,48.78,220,275,4.5163,37.4766,850,6e+07
656.9,7.67,26.8,893,0.4,445,1.63,23.32,150,267,4.7466,25.9017,294,2.3e+07
57.26,7.66,17.6,558,0.2,279,4.89,67,35,144,3.0149,19.5987,14,3e+06
265.3,6.97,21.9,472,0.1,236,0.48,5.8,360,2747,17.2089,155.4788,21300,2.9e+07
117.2,7.84,22.9,834,0.3,419,1.03,12.8,260,377,4.6904,33.5911,125,6.3e+07
3440,7.73,25.8,763,0.3,382,5.19,74.2,70,146,1.9871,20.3163,260,3.1e+07
13.34,7.6,26.1,180.8,0.05,90,6.18,87.1,3,30,0.1514,1.5815,3,4500
21.81,8.06,22,181.1,0.05,91,8.71,114.5,3,10,0.1322,1.1955,8,710
1711,7.4,21,666,0.3,333,5.1,57,34,78,1.0112,17.6252,101,5900000
1046,7.45,29.1,857,0.4,429,0.8,9.7,130,248,2.4118,33.3228,400,2e+07
1324,7.78,22,586,0.2,295,5.3,60,28,65,1.2179,19.3154,73,3600000
560.74,7.74,27.9,821,0.3,403,0.8,8.4,95,202,3.1695,34.9913,219,1e+07
25.76,7.88,33.2,748,0.3,374,4,55,220,498,3.1464,39.6807,1815,2.2e+07
2911,7.7,23.4,398,0.1,199,6.13,70.79557118,42,79,1.2143,13.3891,434,1600000
950.8,7.65,27.6,573,0.2,286,0.85,9.797647072,80,147,1.9913,19.6151,439,4300000
19.98,7.81,25.1,666,0.3,334,4.36,51.71508325,200,401,4.17,29.0574,1779,6400000
1997,7.63,21.4,785,0.3,391,2.9,44.3,80,175,1.9097,24.4579,365,1.2e+07
651.1,7.7,27.4,946,0.4,476,0.2,2.2,150,289,2.7439,27.8472,232,9100000
7.25,7.9,30,1080,0.5,541,0.09,1.2,550,951,8.6459,64.0582,820,4e+06
17.71,8.47,24.2,178.5,0.05,89,7.16,97.8,3,9,0.1423,1.3457,6,3900
30.62,8.05,20.9,186.9,0.05,94,6.08,80.6,3,9,0.1135,1.6717,10,670
693.7,7.76,23.9,939,0.4,469,0.26,3.5,210,393,4.1251,36.0239,208,4300000
54.51,8.25,19.8,321,0.1,160,6.51,86.6,9,19,0.351,3.8612,5,1400
115.9,7.77,25.1,930,0.4,466,0.1,1.2,380,636,5.6273,55.243,305,1.1e+07
110,7.62,16.7,536,0.2,268,2.11,27.2,90,135,2.4314,24.7014,50,3700000
302.2,7.59,21.3,719,0.3,360,0.15,2.1,180,375,3.8129,34.352,221,8600000
613.4,7.8,24.4,1008,0.4,1010,0.37,7.9,320,476,6.6396,59.4033,285,1.4e+07
6.15,8.08,19.7,476,0.1,238,5.03,67,6,41,0.5744,3.7328,6,12000
28.06,7.78,15.9,580,0.2,290,2.96,37.8,70,107,2.7618,21.4803,35,1800000
311.3,7.12,21.2,528,0.2,264,3,39.1,550,1561,34.6941,81.6989,2200,5400000
101.3,7.8,24.8,907,0.4,454,0.69,15.1,400,631,7.3796,48.8,295,1e+07
1593,7.82,21.1,930,0.4,469,2.56,32.1,95,189,4.0576,28.8813,63,8600000
2.98,8.25,25.9,155.9,0.05,78,4.96,70.1,8,46,0.4393,2.1948,276,1500
19.09,8.08,21.2,175.5,0.05,93,4.71,84.4,3,5,0.1085,1.8298,4,430
1162,7.72,27.4,994,0.4,497,0.81,11.8,190,365,6.0104,48.1771,163,8600000
14.07,8.02,26.7,1048,0.5,252,2.04,29.8,260,494,11.576,56.8889,190,7800000
711.5,7.76,19.7,1145,0.5,572,0.22,2.8,300,578,5.7936,34.4149,250,1700000
780.2,7.63,19.6,924,0.4,462,0.41,4.6,200,288,4.107,31.0727,190,6400000
93.94,7.84,17.6,857,0.4,429,2.21,27.2,270,372,6.2084,35.3903,210,1.3e+07
1405,7.73,15.9,980,0.4,490,2.84,32.4,180,347,4.072,27.7658,170,1.3e+07
10.95,8.13,18,170,0,85,6.92,83.6,6,13,0.1233,0.8859,6,20
74.13,7.72,13.9,575,0.2,288,4.63,56.7,100,147,3.3845,19.6646,100,1700000
420.5,7.63,17.1,1108,0.5,554,0.17,2.1,400,682,6.9927,40.1349,350,2.8e+07
659.5,7.57,25.7,1129,0.5,566,0.14,2.2,300,710,6.8823,33.8171,280,1.3e+07
670,7.57,26.9,1028,0.5,514,0.04,0.3,260,510,6.3812,29.191,340,1.3e+07
134.6,7.58,22.2,890,0.4,445,0.07,1.1,240,420,6.7045,46.3661,200,1400000
941.1,7.62,23.3,925,0.4,462,1.35,18.6,150,283,5.1946,26.263,160,7900000
5.757,7.33,24.9,171.6,0,86,5.15,70.8,3,8.5,0.1404,0.6757,2,24
102.8,7.51,15.7,553,0.2,277,2.27,28.8,240,552,4.396,24.2233,200,1.3e+07
412.3,7.47,21,645,0.2,323,1.85,23.9,210,485,4.613,25.8521,230,4600000
523.7,7.48,23.5,1223,0.6,612,0.42,5.8,280,622,8.0766,33.1064,240,7900000
1697,7.4,23.2,977,0.4,488,0.37,2.7,170,335,5.0947,31.0309,200,2.4e+07
56.35,7.32,20.9,702,0.3,352,0.89,12,280,407,7.3023,33.9884,250,7900000
289.8,7.12,24.1,829,0.3,415,0.23,3.2,450,860,7.2901,35.2885,660,2600000
84.27,7.67,23.5,911,0.4,457,0.63,9.1,210,470,6.3246,42.7466,180,4900000
1411.1,7.54,24.2,1144,0.5,572,0.87,11.7,140,385,4.5193,28.1845,140,1400000
16.68,7.6,25,175.3,0,88,4.9,66.4,3,17,0.1555,0.9003,2,23
530.4,7.57,23.5,1074,0.5,538,0.02,0.1,260,473,4.6721,35.1593,230,5.4e+07
870.6,7.61,23.9,973,0.4,487,0.01,0.3,180,403,3.4991,32.7404,200,1.7e+07
61.3,7.76,24.2,969,0.4,484,0.5,7,270,381,6.0092,45.4207,230,3300000
1130,7.62,24,1047,0.5,523,2.01,27.1,170,296,3.8804,28.7527,160,4900000
48.7,7.54,17.2,648,0.2,325,0.34,5.9,200,346,6.6831,32.1178,200,6400000
332.3,7.53,22.9,992,0.4,993,0.37,4.8,550,1446,8.9816,61.4894,580,2700000
707,7.86,28.2,1071,0.5,536,0.05,0.8,220,444,4.6939,35.5087,180,5.4e+07
1032,7.77,30,1029,0.5,515,0.07,1.2,190,354,5.0615,43.0719,180,1.7e+07
126,7.8,26,830,0.3,415,0.96,12.6,260,549,5.2451,47.4577,560,7e+06
1308,7.73,24.1,1072,0.5,536,0.15,2,160,359,4.8542,36.1411,220,3400000
6.1,7.07,28.7,180.6,0,90,4.6,620,3,3,0.1338,1.0557,1,15
94,6.76,15.9,440,0.1,220,4.48,61.7,80,124,1.8872,13.0545,52,1.7e+07
579,7.27,24,440,0.1,220,2.72,37.4,200,677,3.7559,25.1453,1680,1.4e+07
637,7.7,26.4,863,0.4,432,0.27,3.6,170,428,3.6628,23.4952,270,1700000
1490,7.74,27.7,598,0.2,298,1.43,19.7,110,251,2.4216,17.2125,380,610000
88,7.81,23.3,822,0.3,411,1.32,18.3,230,453,5.1645,35.8697,340,1400000
1070,7.77,25.2,919,0.4,460,1.1,15.1,75,208,3.2617,20.8297,100,1400000
11,7.84,26.9,180.6,0,90,4.42,63.8,3,8,0.1455,1.0855,5,920
87,7.62,19.1,456,0.1,228,3.78,51.1,55,153,2.1329,15.5153,50,1700000
1620,7.47,23,298,0.1,149,4.56,62.2,110,403,1.4817,16.1821,1575,2400000
94.96,7.91,16.3,522,0.2,261,5.5,67,60,234,2.2926,19.8833,36,1.2e+07
842.6,6.922,22.9,473,0.1,236,3.61,48.7,200,1624,3.6112,46.0852,10600,2.4e+07
457.7,7.684,24.6,1074,0.5,534,0.09,1.1,260,569,5.8281,43.3221,300,2.2e+07
285.9,7.655,27.7,915,0.4,457,0.09,1.2,140,319,3.9906,33.3482,380,1200000
178.5,7.93,22,847,0.4,424,3.3,4.4,260,569,5.2538,43.8056,290,5400000
1475,7.74,23.4,953,0.4,477,0.97,13.02,130,463,4.2514,33.8769,210,3700000
79.31,7.88,17.9,606,0.2,303,4.47,58.6,85,166,2.9709,25.6779,58,7900000
291.7,7.82,22.5,828,0.3,414,0.52,7.1,240,406,4.003,39.9749,214,1.7e+07
129.6,8.02,20.05,591,0.2,296,5.26,66.7,220,461,3.4687,40.2122,1200,2e+06
456.8,7.97,22.8,851,0.4,426,0.75,10.3,240,374,4.7992,37.4549,265,3900000
1881,7.67,22.9,860,0.4,431,0.03,0.3,140,249,3.0296,33.4129,130,2100000
1666,7.75,24.7,703,0.3,351,2.36,32.4,130,306,2.6607,25.9446,350,1.3e+07
25.77,8.22,26.2,176.9,0,88,6.89,96.6,3,7,0.1446,1.4798,8,27
96.38,7.97,17.8,498,0.2,249,6.14,80.1,70,89,1.9969,20.0932,32,9200000
463.5,7.52,23.1,507,0.2,254,2.97,40.3,450,2111,7.7377,52.8191,13000,3300000
653.5,7.79,26.5,730,0.3,363,0.32,4.2,180,279,3.1192,22.8675,300,2800000
1107,7.78,28.3,686,0.3,343,0.03,1.2,140,326,3.7249,27.227,520,1700000
1575,7.75,25.2,798,0.3,399,1.04,14.4,85,161,2.8089,22.9971,80,1500000
234.3,8.07,23.6,759,0.3,379,5.1,69.5,220,371,4.6584,30.5775,260,1200000
65.5,7.92,17.5,550,0.2,275,3.07,40.5,160,213,2.8949,12.934,80,7900000
394.5,7.16,22.1,484,0.2,242,1.97,26.4,500,5177,14.3333,29.1491,41000,4800000
505.8,7.99,24.1,1134,0.5,567,0.05,0.9,240,475,5.1544,26.1833,290,1700000
921.2,7.97,25.4,987,0.4,493,0.14,1.8,160,293,4.4465,28.5418,360,1300000
277.4,8.06,22,582,0.2,291,4.61,60.1,150,290,3.3395,21.3536,350,1.1e+07
22.79,8.4,21,166,0,83,7.48,96.5,6,40,0.1806,1.3011,25,340
1158,7.78,23.9,858,0.4,429,1.63,0.27,80,193,2.6071,18.0034,180,1.3e+07
937.7,7.79,26.2,960,0.4,480,0.08,1,220,470,4.8443,33.6354,1140,9500000
720.7,7.87,24,925,0.4,465,0.15,1.9,150,330,3.2208,32.4764,240,2600000
117.3,7.82,16.2,596,0.2,298,2.5,31.3,130,265,3.7424,26.2808,110,920000
356.1,7.67,21.2,844,0.4,422,1.8,234,390,578,4.0114,36.2926,140,2400000
50.35,7.87,22,850,0.4,425,1.26,16.2,210,368,4.6546,36.6433,180,3.5e+07
46.5,8.34,25.3,178.8,0,89,8.27,109.9,3,26,0.1761,1.5763,41,220
1466,7.67,23.8,936,0.4,478,1.09,14.7,120,268,3.246,26.5217,210,7e+06
120.1,7.83,16.5,631,0.2,316,3.24,40.3,150,291,3.9857,29.2242,160,2600000
406.3,7.47,21,917,0.4,459,1.91,23.4,600,2741,3.1057,44.8256,4550,1e+06
115.1,7.86,22.9,886,0.4,443,0.26,2.7,360,611,5.8936,42.1754,540,5.4e+07
736.8,7.92,24.5,1173,0.5,587,0.09,2.4,230,477,5.783,32.7692,810,1700000
650.6,7.79,26.1,985,0.4,498,0.48,7.4,260,482,5.5729,43.1977,260,2200000
37.95,8.46,24.8,198.3,0,99,7.57,104.1,7,51,0.1376,1.0504,8,91
1598,7.77,22.3,976,0.4,488,0.98,12.9,240,446,4.9017,35.7054,800,4500000
0.154074,7.65,13.4,530,0.2,265,4.73,56.6,85,147,1.9253,20,26,1300000
0.345127,7.53,19.4,573,0.2,286,4.02,50,300,901,1.1406,28,154,3.5e+07
0.0144795,7.42,20.3,171.7,0,86,6.4,78.8,3,28,0.1308,0.9,2,1600
1.1574,7.63,23.2,1001,0.4,501,0.28,3.8,135,270,3.3345,35,123,4800000
0.135641,7.5,21.1,847,0.4,423,2.1,27,300,926,5.9164,47,161,1400000
0.69095,7.74,22.4,1036,0.5,518,0.02,0.1,320,983,5.8267,45,520,550000
1.00065,7.49,24.7,959,0.4,480,0.2,2.5,120,241,1.9861,35,92,7900000
0.0267678,7.15,21.4,177.8,0,89,5.77,77,3,2.6,0.1233,1.5,4,61
1.2421,7.6,26,991,0.4,496,0.04,0.5,190,448,5.5607,45,240,3400000
0.417568,7.66,18.7,633,0.2,317,0.91,12,190,384,3.7492,35,210,3900000
0.27106755,7.32,22.6,1058,0.5,529,0.36,4.6,280,647,5.48,41,280,1.7e+07
0.106524825,7.68,22.1,962,0.4,481,1.09,15,210,503,7.5928,56,370,3300000
0.562042575,7.62,28,999,0.4,500,0.18,2,220,501,5.7011,38,470,1.3e+07
0.82383817,7.61,26.38,1158,0.5,579,0,0,170,433,3.8191,47,240,1.3e+07
0.02327,7.19,21.2,156.4,0,78,5.92,76.6,3,12,0.1375,0.7786,5,350
1.196953,7.49,24.7,943,0.4,472,0.92,12.4,190,299,4.6574,24.6524,220,1.3e+07
0.15441,7.31,17.5,731,0.3,366,1.46,19.1,190,328,7.3346,24.2206,220,4100000
0.24755,7.47,22.7,987,0.4,494,0.19,2.3,250,1310,6.0565,18.7817,290,1.3e+07
0.12247,7.73,21.6,914,0.4,457,1.32,17.8,240,438,6.7188,34.1116,320,6100000
0.536517,7.58,25.8,1179,0.5,590,0.12,1.5,320,711,7.4386,23.7286,320,320000
0.3633,7.49,25.7,938,0.4,470,0.23,4,200,359,5.0465,31.3993,250,93000
0.09042105,7.56,19,647,0.2,324,0.88,11.5,170,458,5.01,26.64,210,9400000
0.876711,7.25,23.7,601,0.2,301,1.01,13.6,450,1106,0.84,19.776,1450,3400000
1.29149,7.73,26,823,0.3,412,0.12,1.3,260,540,5.97,28.752,300,3410000
1.198436,7.58,25.1,844,0.4,422,0.65,8.5,180,910,3.51,21.72,1250,4800000
0.03409,7.44,22.4,170.4,0,85,5.56,73.8,3,13.9,0.1845,0.375,5,1.8
1.27454,7.63,27,1063,0.5,533,1.34,21,160,431,4.39,21.6,350,1700000
0.079549,7.6,27.3,970,0.4,475,0.3,4.1,540,819,7.8,31.48888,560,1.1e+07
0.108431,7.69,19.1,630,0.2,315,1.62,21.9,155,251,3.69,26.05,180,1200000
0.8323,7.04,24.4,503,0.2,251,1.88,26.5,300,1147,0.8274,20.064,3350,2200000
0.0864,7.71,22.9,810,0.3,405,0.39,5.6,200,375,6.06,30.12,200,2.2e+07
0.02472,7.06,22.8,165.2,0,83,4.72,61.6,3,11.1,0.156,0.655,1,46
1.77315,7.66,27.7,910,0.4,455,0.06,1.4,155,290,5.265,29,230,2.4e+07
0.721374,7.82,25.1,715,0.3,358,2.55,35.6,150,500,3.39,22.25,210,3400000
0.01972,7.64,24.3,469,0.1,234,3.37,46.5,85,360,1.935,14.95,160,170000
0.61241,7.78,25.8,937,0.4,468,0.28,3.9,80,580,4.695,25.7,220,4100000
0.399356,7.71,26.2,809,0.3,405,0.25,4.2,180,420,2.865,21.9,80,4700000
0.1104888,7.6,21.7,773,0.3,386,0.15,1.9,360,790,8.82,42.9,550,3400000
0.3958148,7.32,25.6,783,0.3,392,0.02,0.4,340,720,4.775,28.5,170,3400000
0.0366912,7.77,24.2,781,0.3,391,1.9,28,300,550,4.215,32.8,190,1400000
0.0259911,7.27,22.1,183,0,92,6.01,80,3,12.3,1.53,0.925,3,350
1.61272,7.64,22.9,505,0.2,253,4.04,54.8,26,45,0.96,10.6,110,170000
0.13087,7.84,22.5,742,0.3,372,2.84,38.7,300,710,4.2705,24.036,140,930000
0.1598,7.54,23.2,171.7,0,86,6.16,77.7,3,14,0.1624,0.8618,4,24
1.05857,7.6,23.9,733,0.3,367,3.27,46.2,38,58,2.1131,15.5973,80,3300000
0.85063,7.66,26.7,925,0.4,463,0.25,4,120,303,5.1622,33.2995,150,3300000
1.52654,7.59,25.4,600,0.2,300,0.7,9.4,50,428,3.9541,20.4829,250,3400000
0.11185,7.46,19.3,544,0.2,272,2.86,39.4,110,185,2.7172,20.8636,70,210000
0.54183,7.44,23.7,380,0.1,190,4.81,66.9,200,685,3.4651,27.716,3750,140000
0.0513033,7.34,23.1,174,0,87,5.67,80.3,3,30,0.201,0.994,8,31
1.6379,7.61,24.1,780,0.3,390,2.16,29.3,70,122,3.636,35.357,60,2400000
0.2486,7.57,25.5,1050,0.4,476,0.06,0.9,540,900,10.877,54.296,600,3200000
0.16084,7.67,17.3,534,0.2,267,3.59,47.7,86,123,2.435,21.577,70,3200000
0.47359,7.76,21.1,553,0.2,276,4.04,53.1,85,183,2.778,19.375,70,3400000
0.569861,7.6,23.7,931,0.4,466,0.15,2.3,160,357,4.037,22.521,180,4700000
1.543496,7.62,24.5,658,0.3,329,0.93,13.6,100,222,2.95,16.921,320,610000
7.4503,7.73,25.4,816,0.3,408,1.52,21.1,190,232,3.027,25.6575,190,1700000
5.925,7.58,27.2,728,0.3,363,1.78,25.2,120,244,2.0569,20.2148,170,2.2e+07
0.03295,8.12,23.6,171.3,0,86,5.82,79.1,3,18,0.1275,0.8317,3,52
0.39569,7.58,26.4,735,0.3,369,2.12,30.8,230,454,3.4836,33.9975,370,3300000
0.314437,7.24,19.5,473,0.1,237,4.7,63.8,100,177,2.368,20.2106,120,930000
0.416374,7.59,22.9,706,0.3,353,3.48,462,10.5,194,1.2878,12.9874,80,930000
0.67,7.66,26,957,0.4,479,0.2,3.6,22,397,5.1262,35.502,160,1.4e+07
0.7,7.58,27.8,748,0.3,370,0.66,9.1,130,289,4.1601,30.9791,150,2600000
0.03,7.46,22,167.6,0,84,5.62,73.8,3,13.3,0.1193,1.03523,7,17
3.69,7.12,22.4,349,0.1,173,3.85,51.2,70,142,1.1959,13.7934,530,260000
0.14,7.33,25.7,562,0.2,285,3.72,53.6,220,467,2.8629,24.9321,360,1400000
0.1,7.6,17.3,427,0.1,214,4.85,63.6,60,237,1.5297,16.9563,44,1100000
1.62,7.34,21.9,359,0.1,180,5.56,72,105,174,1.2993,15.228,300,120000
0.7134,7.66,22.7,1081,0.5,541,0.59,8,260,423,5.9776,32.1487,220,1.7e+07
1.621,7.58,25.4,816,0.3,408,0.92,12.1,155,231,4.008,26.1842,150,1.4e+07
0.1905,7.39,19.8,768,0.3,363,3.01,43,200,494,5.0074,29.8225,140,4900000
0.01649,7.54,20.1,178.1,0,89,6.91,86.7,3,15,0.3569,1.2323,16,920
2.28,7.52,21.7,867,0.4,431,3.4,45.2,100,296,3.1688,18.5015,380,7900000
0.0809,7.21,18,506,0.2,253,4,50.5,140,199,3.1839,16.875,80,1400000
0.2511,7.22,21.9,760,0.3,381,2.4,28,240,443,4.6245,23.8988,160,2400000
1.349,7.56,22.7,1149,0.5,580,0.56,8,250,353,6.7761,32.2153,240,1.1e+07
0.6976,7.59,23.1,1003,0.4,502,0.45,5.8,160,308,4.8516,25.9983,200,1.3e+07
2.892,7.48,23.6,1023,0.4,512,0.51,7.9,160,251,5.0043,23.3778,190,1.8e+07
0.03205,7.54,13.4,184.5,0,90,6.77,87.6,3,5.5,0.0995,1.3943,6,13
0.1864,7.48,24.4,915,0.4,458,0.46,6.9,480,689,9.0365,38.7462,440,1.3e+07
0.109,7.5,16.9,541,0.2,271,2.97,39.2,130,179,3.2284,20.8218,120,7000
0.3235,7.31,22.1,839,0.3,420,0.59,7.1,400,738,0.4869,10.0943,2450,170
1.2,7.719,26.8,923,0.4,924,0.15,0.4,120,201,22,2.5194,136,2.4e+07
0.04146,7.854,22.5,519,0.2,520,4.22,63.7,55,128,1.9,2.2937,26,7900000
0.2781,7.66,28.2,963,0.4,971,0.4,4.3,250,499,3.1,3.9468,87,2.2e+07
0.09028,7.93,24.9,690,0.3,691,0.83,11.8,160,370,10.3,2.9298,102,3.3e+07
0.076,8.076,23.7,202,0,203,6.1,83.7,2.5,10,0.6,0.2833,3,20
0.486,7.79,27.1,849,0.4,850,0.34,4.2,190,417,3.4,3.707,118,2.3e+07
0.9711,7.804,29.8,907,0.4,905,0.51,5,360,648,3.4,5.34,141,1.1e+07
0.0995,7.97,21,510,0.2,306,4.56,60,80,229,2.6,3.4349,163,1400000
0.29025,7.7,24.65,396,0.1,235,2.7,38.4,40,159,1.6,1.5903,79,140000
0.058344,8.19,22.8,170.3,0,102,6.6,88,5,31,2,0.2019,23,350
1.05615,7.73,26.9,851,0.4,512,0.23,3.2,260,557,39,5.1587,210,2500000
0.8368,7.86,26.2,882,0.4,529,0.9,12.4,165,293,27,4.794,280,2100000
1.201188,7.76,26.1,792,0.3,475,1.09,15,80,230,19,2.7875,870,1.7e+07
0.02742,8.03,23.7,195.1,0,117,6.28,84.5,7,14,2.3,0.3333,7,150
2.4776,7.55,26.3,676,0.3,407,1.14,16.1,86,91,22,2.3047,220,1200000
0.14978,7.7,27.5,756,0.3,454,0.91,13.4,130,554,32,4.9002,350,2100000
0.13576,8.02,18.6,509,0.2,305,4.81,65,70,158,22,1.9308,42,3500000
0.463641,7.34,22,575,0.2,345,2.05,27,240,449,25,2.8067,235,1.6e+08
0.58784,7.69,27.4,938,0.4,563,0.4,5.7,110,480,33,4.2643,910,1.3e+07
0.80323,7.79,29.8,872,0.4,523,1.83,28.4,115,258,36,5.3448,150,2e+05
0.7961,7.81,26.4,845,0.4,507,0.78,11.3,180,557,31,3.9683,530,4900000
1.262,7.77,28.4,640,0.2,385,0.6,10.5,165,258,23,2.5494,420,340000
1.6955,7.77,26.5,758,0.3,455,1.71,25,60,191,18,1.9156,118,21000
0.171759,7.9,28.1,785,0.3,471,0.33,4.5,220,425,28,3.7413,270,2100000
0.06566,8.24,26.2,176.3,0,106,6.34,90.4,1,16,1.3,0.1728,10,3500
0.1835,7.86,17.6,451,0.1,270,5.58,74.2,42,68,13,2.1747,44,540000
0.6378,7.32,22.1,354,0.1,213,4.92,65.6,125,2570,11,0.7924,7900,4700000
0.1289,7.56,18.6,474,0.1,285,5.07,66.6,40,122,24,1.747,42,7e+05
0.6757,7.68,21.1,541,0.2,324,3.37,44.7,150,361,21,2.3351,225,5.4e+07
0.715,7.58,28.6,876,0.4,529,0.21,3.3,150,368,27,3.6306,210,1.1e+07
1.594,7.66,31.3,572,0.2,343,2.1,32.5,140,338,24,3.1585,222,460000
0.043,8.16,23.6,183.6,0,111,6.51,87.9,3,8.8,1.2,0.1813,7,330
1.96,7.57,26.6,586,0.2,352,2.21,31.2,70,252,17.5,1.6398,264,2400000
0.09819,8.01,18.6,873,0.4,524,1.85,25,410,383,40,7.988,267,3400000
0.29801,7.56,21.9,660,0.2,396,2.03,27,230,376,26,2.991,140,2700000
0.6583,7.39,25.7,1005,0.4,603,0.32,4.5,240,493,36,6.822,270,5.4e+07
